CommentID,AttachmentID,Format,FileURL,Size
OPM-2025-0007-0474,09000064b8e3c76c,pdf,https://downloads.regulations.gov/OPM-2025-0007-0474/attachment_1.pdf,84209
OPM-2025-0007-0028,09000064b8ddf60d,pdf,https://downloads.regulations.gov/OPM-2025-0007-0028/attachment_1.pdf,103533
OPM-2025-0007-0412,09000064b8e28fa8,pdf,https://downloads.regulations.gov/OPM-2025-0007-0412/attachment_1.pdf,6846
OPM-2025-0007-0412,09000064b8e28fa8,docx,https://downloads.regulations.gov/OPM-2025-0007-0412/attachment_1.docx,8456
OPM-2025-0007-0165,09000064b8e0173b,pdf,https://downloads.regulations.gov/OPM-2025-0007-0165/attachment_1.pdf,11348
OPM-2025-0007-0165,09000064b8e0173b,docx,https://downloads.regulations.gov/OPM-2025-0007-0165/attachment_1.docx,38431
OPM-2025-0007-0706,09000064b8e4da73,pdf,https://downloads.regulations.gov/OPM-2025-0007-0706/attachment_1.pdf,6096
OPM-2025-0007-0706,09000064b8e4da73,docx,https://downloads.regulations.gov/OPM-2025-0007-0706/attachment_1.docx,140642
OPM-2025-0007-1064,09000064b8e51e84,pdf,https://downloads.regulations.gov/OPM-2025-0007-1064/attachment_1.pdf,115021
OPM-2025-0007-1070,09000064b8e55975,pdf,https://downloads.regulations.gov/OPM-2025-0007-1070/attachment_1.pdf,194914
OPM-2025-0007-1065,09000064b8e55173,pdf,https://downloads.regulations.gov/OPM-2025-0007-1065/attachment_1.pdf,318053
OPM-2025-0007-1022,09000064b8e54656,pdf,https://downloads.regulations.gov/OPM-2025-0007-1022/attachment_1.pdf,117816
OPM-2025-0007-1282,09000064b8e50c75,pdf,https://downloads.regulations.gov/OPM-2025-0007-1282/attachment_1.pdf,188038
OPM-2025-0007-1060,09000064b8e4e193,pdf,https://downloads.regulations.gov/OPM-2025-0007-1060/attachment_1.pdf,303693
OPM-2025-0007-1061,09000064b8e4e1b4,pdf,https://downloads.regulations.gov/OPM-2025-0007-1061/attachment_1.pdf,7915
OPM-2025-0007-1061,09000064b8e4e1b4,docx,https://downloads.regulations.gov/OPM-2025-0007-1061/attachment_1.docx,19697
OPM-2025-0007-1053,09000064b8e4d569,pdf,https://downloads.regulations.gov/OPM-2025-0007-1053/attachment_1.pdf,322013
OPM-2025-0007-1230,09000064b8e54ea7,pdf,https://downloads.regulations.gov/OPM-2025-0007-1230/attachment_1.pdf,117816
OPM-2025-0007-1392,09000064b8e83ba2,pdf,https://downloads.regulations.gov/OPM-2025-0007-1392/attachment_1.pdf,272722
OPM-2025-0007-1397,09000064b8e865c4,pdf,https://downloads.regulations.gov/OPM-2025-0007-1397/attachment_1.pdf,52933
OPM-2025-0007-1397,09000064b8e865c4,docx,https://downloads.regulations.gov/OPM-2025-0007-1397/attachment_1.docx,33635
OPM-2025-0007-1406,09000064b8e86fd4,pdf,https://downloads.regulations.gov/OPM-2025-0007-1406/attachment_1.pdf,187400
OPM-2025-0007-1373,09000064b8e824c8,pdf,https://downloads.regulations.gov/OPM-2025-0007-1373/attachment_1.pdf,313040
OPM-2025-0007-1344,09000064b8e6de9b,pdf,https://downloads.regulations.gov/OPM-2025-0007-1344/attachment_1.pdf,37338
OPM-2025-0007-1332,09000064b8e693ca,pdf,https://downloads.regulations.gov/OPM-2025-0007-1332/attachment_1.pdf,278358
OPM-2025-0007-1410,09000064b932a258,pdf,https://downloads.regulations.gov/OPM-2025-0007-1410/attachment_1.pdf,267614
OPM-2025-0007-0009,09000064b8dd85af,pdf,https://downloads.regulations.gov/OPM-2025-0007-0009/attachment_1.pdf,6640
OPM-2025-0007-0009,09000064b8dd85af,docx,https://downloads.regulations.gov/OPM-2025-0007-0009/attachment_1.docx,14812
OPM-2025-0007-0319,09000064b8e116f8,pdf,https://downloads.regulations.gov/OPM-2025-0007-0319/attachment_1.pdf,251937
OPM-2025-0007-0319,09000064b8e116f8,jpg,https://downloads.regulations.gov/OPM-2025-0007-0319/attachment_1.jpg,200375
OPM-2025-0007-0530,09000064b8e45cb1,pdf,https://downloads.regulations.gov/OPM-2025-0007-0530/attachment_1.pdf,46185
OPM-2025-0007-0004,09000064b8dd5756,pdf,https://downloads.regulations.gov/OPM-2025-0007-0004/attachment_1.pdf,20725
OPM-2025-0007-0004,09000064b8dd5756,docx,https://downloads.regulations.gov/OPM-2025-0007-0004/attachment_1.docx,18957
OPM-2025-0007-0016,09000064b8dd91f0,pdf,https://downloads.regulations.gov/OPM-2025-0007-0016/attachment_1.pdf,92082
OPM-2025-0007-0311,09000064b8e0125c,pdf,https://downloads.regulations.gov/OPM-2025-0007-0311/attachment_1.pdf,74386
OPM-2025-0007-0311,09000064b8e0125c,jpg,https://downloads.regulations.gov/OPM-2025-0007-0311/attachment_1.jpg,78267
OPM-2025-0007-0462,09000064b8e35060,pdf,https://downloads.regulations.gov/OPM-2025-0007-0462/attachment_1.pdf,178750
OPM-2025-0007-0574,09000064b8e4a9a0,pdf,https://downloads.regulations.gov/OPM-2025-0007-0574/attachment_1.pdf,205479
OPM-2025-0007-1358,09000064b8e7d274,pdf,https://downloads.regulations.gov/OPM-2025-0007-1358/attachment_1.pdf,504960
OPM-2025-0007-1364,09000064b8e8174a,pdf,https://downloads.regulations.gov/OPM-2025-0007-1364/attachment_1.pdf,142789
OPM-2025-0007-1364,09000064b8e8174a,gif,https://downloads.regulations.gov/OPM-2025-0007-1364/attachment_1.gif,549258
OPM-2025-0007-1367,09000064b8e81e04,pdf,https://downloads.regulations.gov/OPM-2025-0007-1367/attachment_1.pdf,27079
OPM-2025-0007-1352,09000064b8e73ef8,jpg,https://downloads.regulations.gov/OPM-2025-0007-1352/attachment_1.jpg,3300144
OPM-2025-0007-1052,09000064b8e4c3b9,pdf,https://downloads.regulations.gov/OPM-2025-0007-1052/attachment_1.pdf,28485
OPM-2025-0007-1052,09000064b8e4c3b9,docx,https://downloads.regulations.gov/OPM-2025-0007-1052/attachment_1.docx,19425
OPM-2025-0007-1062,09000064b8e4e1c7,pdf,https://downloads.regulations.gov/OPM-2025-0007-1062/attachment_1.pdf,10328
OPM-2025-0007-1062,09000064b8e4e1c7,docx,https://downloads.regulations.gov/OPM-2025-0007-1062/attachment_1.docx,19170
OPM-2025-0007-1248,09000064b8e54a2c,docx,https://downloads.regulations.gov/OPM-2025-0007-1248/attachment_1.docx,36409
OPM-2025-0007-1248,09000064b8e54a2c,pdf,https://downloads.regulations.gov/OPM-2025-0007-1248/attachment_1.pdf,16298
OPM-2025-0007-1322,09000064b8e528e3,pdf,https://downloads.regulations.gov/OPM-2025-0007-1322/attachment_1.pdf,104390
OPM-2025-0007-0949,09000064b8e50c7a,pdf,https://downloads.regulations.gov/OPM-2025-0007-0949/attachment_1.pdf,135815
OPM-2025-0007-0835,09000064b8e4e016,pdf,https://downloads.regulations.gov/OPM-2025-0007-0835/attachment_1.pdf,3889
OPM-2025-0007-1066,09000064b8e5278d,pdf,https://downloads.regulations.gov/OPM-2025-0007-1066/attachment_1.pdf,28812
OPM-2025-0007-1066,09000064b8e5278d,docx,https://downloads.regulations.gov/OPM-2025-0007-1066/attachment_1.docx,20317
OPM-2025-0007-1066,09000064b8e5278e,pdf,https://downloads.regulations.gov/OPM-2025-0007-1066/attachment_2.pdf,98636
OPM-2025-0007-1066,09000064b8e5278e,docx,https://downloads.regulations.gov/OPM-2025-0007-1066/attachment_2.docx,72820
OPM-2025-0007-1063,09000064b8e4da65,pdf,https://downloads.regulations.gov/OPM-2025-0007-1063/attachment_1.pdf,538208
OPM-2025-0007-1287,09000064b8e4e42e,pdf,https://downloads.regulations.gov/OPM-2025-0007-1287/attachment_1.pdf,52933
OPM-2025-0007-1287,09000064b8e4e42e,docx,https://downloads.regulations.gov/OPM-2025-0007-1287/attachment_1.docx,33630
OPM-2025-0007-0048,09000064b8de1042,pdf,https://downloads.regulations.gov/OPM-2025-0007-0048/attachment_1.pdf,186014
OPM-2025-0007-1058,09000064b8e4e124,pdf,https://downloads.regulations.gov/OPM-2025-0007-1058/attachment_1.pdf,67301
OPM-2025-0007-1058,09000064b8e4e125,pdf,https://downloads.regulations.gov/OPM-2025-0007-1058/attachment_2.pdf,186159
OPM-2025-0007-1067,09000064b8e55940,pdf,https://downloads.regulations.gov/OPM-2025-0007-1067/attachment_1.pdf,104390
OPM-2025-0007-0571,09000064b8e49feb,pdf,https://downloads.regulations.gov/OPM-2025-0007-0571/attachment_1.pdf,305944
OPM-2025-0007-1398,09000064b8e865da,pdf,https://downloads.regulations.gov/OPM-2025-0007-1398/attachment_1.pdf,52933
OPM-2025-0007-1398,09000064b8e865da,docx,https://downloads.regulations.gov/OPM-2025-0007-1398/attachment_1.docx,33635
OPM-2025-0007-1393,09000064b8e85cf3,pdf,https://downloads.regulations.gov/OPM-2025-0007-1393/attachment_1.pdf,300151
OPM-2025-0007-1399,09000064b8e8665e,pdf,https://downloads.regulations.gov/OPM-2025-0007-1399/attachment_1.pdf,52933
OPM-2025-0007-1399,09000064b8e8665e,docx,https://downloads.regulations.gov/OPM-2025-0007-1399/attachment_1.docx,33635
OPM-2025-0007-1286,09000064b8e4e3e1,pdf,https://downloads.regulations.gov/OPM-2025-0007-1286/attachment_1.pdf,52933
OPM-2025-0007-1286,09000064b8e4e3e1,docx,https://downloads.regulations.gov/OPM-2025-0007-1286/attachment_1.docx,33630
OPM-2025-0007-1363,09000064b8e7e003,pdf,https://downloads.regulations.gov/OPM-2025-0007-1363/attachment_1.pdf,108224
OPM-2025-0007-1319,09000064b8e527a4,pdf,https://downloads.regulations.gov/OPM-2025-0007-1319/attachment_1.pdf,481065
OPM-2025-0007-1319,09000064b8e527a5,pdf,https://downloads.regulations.gov/OPM-2025-0007-1319/attachment_2.pdf,481065
OPM-2025-0007-1374,09000064b8e8293b,pdf,https://downloads.regulations.gov/OPM-2025-0007-1374/attachment_1.pdf,105426
OPM-2025-0007-0293,09000064b8e106ba,pdf,https://downloads.regulations.gov/OPM-2025-0007-0293/attachment_1.pdf,36032
OPM-2025-0007-0415,09000064b8e2ad34,pdf,https://downloads.regulations.gov/OPM-2025-0007-0415/attachment_1.pdf,259053
OPM-2025-0007-1409,09000064b932a256,pdf,https://downloads.regulations.gov/OPM-2025-0007-1409/attachment_1.pdf,316896
